{"cameraMode":{"drawMode":0,"name":"Shaded","section":"Shading Mode"},"sceneLighting":false,"audioPlay":false,"sceneViewState":{"showFog":true,"showMaterialUpdate":false,"showSkybox":false,"showFlares":true,"showImageEffects":true,"showParticleSystems":true},"in2DMode":false,"pivot":{"x":1.48020601272583,"y":2.3090147972106935,"z":-1.9677319526672364},"rotation":{"x":-0.22338515520095826,"y":0.3713287115097046,"z":-0.09252924472093582,"w":-0.8964711427688599},"size":4.041658401489258,"orthographic":false}