{"cameraMode":{"drawMode":0,"name":"Shaded","section":"Shading Mode"},"sceneLighting":false,"audioPlay":false,"sceneViewState":{"showFog":true,"showMaterialUpdate":false,"showSkybox":false,"showFlares":true,"showImageEffects":true,"showParticleSystems":true},"in2DMode":false,"pivot":{"x":1.403218150138855,"y":1.565253496170044,"z":-3.1287317276000978},"rotation":{"x":0.21864748001098634,"y":-0.49057820439338686,"z":0.12866808474063874,"w":0.8336509466171265},"size":3.066054582595825,"orthographic":false}