{"cameraMode":{"drawMode":0,"name":"Shaded","section":"Shading Mode"},"sceneLighting":true,"audioPlay":false,"sceneViewState":{"showFog":true,"showMaterialUpdate":false,"showSkybox":true,"showFlares":true,"showImageEffects":true,"showParticleSystems":true},"in2DMode":false,"pivot":{"x":3.0705912113189699,"y":2.3720386028289797,"z":-1.827591061592102},"rotation":{"x":-0.33689430356025698,"y":0.47325628995895388,"z":-0.20221923291683198,"w":-0.7884433269500732},"size":10.0,"orthographic":false}