{"cameraMode":{"drawMode":0,"name":"Shaded","section":"Shading Mode"},"sceneLighting":false,"audioPlay":false,"sceneViewState":{"showFog":true,"showMaterialUpdate":false,"showSkybox":false,"showFlares":true,"showImageEffects":true,"showParticleSystems":true},"in2DMode":false,"pivot":{"x":-24.926300048828126,"y":-17.03908348083496,"z":47.68159103393555},"rotation":{"x":0.17993156611919404,"y":-0.05456343665719032,"z":0.009995858184993267,"w":0.9821173548698425},"size":22.0,"orthographic":false}