{"cameraMode":{"drawMode":0,"name":"Shaded","section":"Shading Mode"},"sceneLighting":true,"audioPlay":false,"sceneViewState":{"showFog":true,"showMaterialUpdate":false,"showSkybox":true,"showFlares":true,"showImageEffects":true,"showParticleSystems":true},"in2DMode":false,"pivot":{"x":12.910962104797364,"y":10.388862609863282,"z":-0.8788610100746155},"rotation":{"x":-0.1582667976617813,"y":0.4626474380493164,"z":-0.08433555066585541,"w":-0.8682155013084412},"size":6.0073957443237309,"orthographic":false}